Time,Id,StepCount
2022-11-03T14:14:56.519-06:00,ModuleProcess:5:GeneralExecution-StepActive,5
2022-11-03T14:14:57.614-06:00,ModuleProcess:5:GeneralExecution-StepActive,6
2022-11-03T14:14:58.702-06:00,ModuleProcess:5:GeneralExecution-StepActive,7
2022-11-03T14:14:59.843-06:00,ModuleProcess:5:GeneralExecution-StepActive,8
2022-11-03T14:15:00.955-06:00,ModuleProcess:5:GeneralExecution-StepActive,9
2022-11-03T14:15:02.053-06:00,ModuleProcess:5:GeneralExecution-StepActive,10
2022-11-03T14:15:06.489-06:00,ModuleProcess:5:GeneralExecution-StepActive,1
2022-11-03T14:15:07.542-06:00,ModuleProcess:5:GeneralExecution-StepActive,2
2022-11-03T14:15:08.600-06:00,ModuleProcess:5:GeneralExecution-StepActive,3
2022-11-03T14:15:09.714-06:00,ModuleProcess:5:GeneralExecution-StepActive,4
2022-11-03T14:15:10.814-06:00,ModuleProcess:5:GeneralExecution-StepActive,5
2022-11-03T14:15:11.930-06:00,ModuleProcess:5:GeneralExecution-StepActive,6
2022-11-03T14:15:13.046-06:00,ModuleProcess:5:GeneralExecution-StepActive,7
2022-11-03T14:15:14.150-06:00,ModuleProcess:5:GeneralExecution-StepActive,8
2022-11-03T14:15:15.241-06:00,ModuleProcess:5:GeneralExecution-StepActive,9
2022-11-03T14:15:16.338-06:00,ModuleProcess:5:GeneralExecution-StepActive,10
2022-11-03T14:15:20.765-06:00,ModuleProcess:5:GeneralExecution-StepActive,1
2022-11-03T14:15:21.821-06:00,ModuleProcess:5:GeneralExecution-StepActive,2
2022-11-03T14:15:22.868-06:00,ModuleProcess:5:GeneralExecution-StepActive,3
2022-11-03T14:15:23.978-06:00,ModuleProcess:5:GeneralExecution-StepActive,4
2022-11-03T14:15:25.104-06:00,ModuleProcess:5:GeneralExecution-StepActive,5
2022-11-03T14:15:26.233-06:00,ModuleProcess:5:GeneralExecution-StepActive,6
2022-11-03T14:15:27.329-06:00,ModuleProcess:5:GeneralExecution-StepActive,7
2022-11-03T14:15:28.431-06:00,ModuleProcess:5:GeneralExecution-StepActive,8
2022-11-03T14:15:29.526-06:00,ModuleProcess:5:GeneralExecution-StepActive,9
2022-11-03T14:15:30.689-06:00,ModuleProcess:5:GeneralExecution-StepActive,10
2022-11-03T14:15:34.991-06:00,ModuleProcess:5:GeneralExecution-StepActive,1
2022-11-03T14:15:36.051-06:00,ModuleProcess:5:GeneralExecution-StepActive,2
2022-11-03T14:15:37.107-06:00,ModuleProcess:5:GeneralExecution-StepActive,3
2022-11-03T14:15:38.216-06:00,ModuleProcess:5:GeneralExecution-StepActive,4
2022-11-03T14:15:39.335-06:00,ModuleProcess:5:GeneralExecution-StepActive,5
2022-11-03T14:15:40.454-06:00,ModuleProcess:5:GeneralExecution-StepActive,6
2022-11-03T14:15:41.572-06:00,ModuleProcess:5:GeneralExecution-StepActive,7
2022-11-03T14:15:42.692-06:00,ModuleProcess:5:GeneralExecution-StepActive,8
2022-11-03T14:15:43.793-06:00,ModuleProcess:5:GeneralExecution-StepActive,9
2022-11-03T14:15:44.896-06:00,ModuleProcess:5:GeneralExecution-StepActive,10
2022-11-03T14:15:49.250-06:00,ModuleProcess:5:GeneralExecution-StepActive,1
2022-11-03T14:15:50.304-06:00,ModuleProcess:5:GeneralExecution-StepActive,2
2022-11-03T14:15:51.348-06:00,ModuleProcess:5:GeneralExecution-StepActive,3
2022-11-03T14:15:52.454-06:00,ModuleProcess:5:GeneralExecution-StepActive,4
2022-11-03T14:15:53.583-06:00,ModuleProcess:5:GeneralExecution-StepActive,5
2022-11-03T14:15:54.678-06:00,ModuleProcess:5:GeneralExecution-StepActive,6
2022-11-03T14:15:55.785-06:00,ModuleProcess:5:GeneralExecution-StepActive,7
2022-11-03T14:15:56.897-06:00,ModuleProcess:5:GeneralExecution-StepActive,8
2022-11-03T14:15:58.012-06:00,ModuleProcess:5:GeneralExecution-StepActive,9
2022-11-03T14:15:59.140-06:00,ModuleProcess:5:GeneralExecution-StepActive,10
2022-11-03T14:16:03.594-06:00,ModuleProcess:5:GeneralExecution-StepActive,1
2022-11-03T14:16:04.639-06:00,ModuleProcess:5:GeneralExecution-StepActive,2
2022-11-03T14:16:05.683-06:00,ModuleProcess:5:GeneralExecution-StepActive,3
2022-11-03T14:16:06.780-06:00,ModuleProcess:5:GeneralExecution-StepActive,4
2022-11-03T14:16:07.890-06:00,ModuleProcess:5:GeneralExecution-StepActive,5
2022-11-03T14:16:09.015-06:00,ModuleProcess:5:GeneralExecution-StepActive,6
2022-11-03T14:16:10.131-06:00,ModuleProcess:5:GeneralExecution-StepActive,7
2022-11-03T14:16:11.232-06:00,ModuleProcess:5:GeneralExecution-StepActive,8
2022-11-03T14:16:12.346-06:00,ModuleProcess:5:GeneralExecution-StepActive,9
2022-11-03T14:16:13.491-06:00,ModuleProcess:5:GeneralExecution-StepActive,10
2022-11-03T14:16:17.849-06:00,ModuleProcess:5:GeneralExecution-StepActive,1
2022-11-03T14:16:18.896-06:00,ModuleProcess:5:GeneralExecution-StepActive,2
2022-11-03T14:16:19.946-06:00,ModuleProcess:5:GeneralExecution-StepActive,3
2022-11-03T14:16:21.045-06:00,ModuleProcess:5:GeneralExecution-StepActive,4
2022-11-03T14:16:22.151-06:00,ModuleProcess:5:GeneralExecution-StepActive,5
2022-11-03T14:16:23.302-06:00,ModuleProcess:5:GeneralExecution-StepActive,6
2022-11-03T14:16:24.417-06:00,ModuleProcess:5:GeneralExecution-StepActive,7
2022-11-03T14:16:25.521-06:00,ModuleProcess:5:GeneralExecution-StepActive,8
2022-11-03T14:16:26.635-06:00,ModuleProcess:5:GeneralExecution-StepActive,9
2022-11-03T14:16:27.730-06:00,ModuleProcess:5:GeneralExecution-StepActive,10
2022-11-03T14:16:32.096-06:00,ModuleProcess:5:GeneralExecution-StepActive,1
2022-11-03T14:16:33.150-06:00,ModuleProcess:5:GeneralExecution-StepActive,2
2022-11-03T14:16:34.195-06:00,ModuleProcess:5:GeneralExecution-StepActive,3
2022-11-03T14:16:35.289-06:00,ModuleProcess:5:GeneralExecution-StepActive,4
2022-11-03T14:16:36.418-06:00,ModuleProcess:5:GeneralExecution-StepActive,5
2022-11-03T14:16:37.517-06:00,ModuleProcess:5:GeneralExecution-StepActive,6
2022-11-03T14:16:38.640-06:00,ModuleProcess:5:GeneralExecution-StepActive,7
2022-11-03T14:16:39.758-06:00,ModuleProcess:5:GeneralExecution-StepActive,8
2022-11-03T14:16:40.851-06:00,ModuleProcess:5:GeneralExecution-StepActive,9
2022-11-03T14:16:41.940-06:00,ModuleProcess:5:GeneralExecution-StepActive,10
2022-11-03T14:16:46.398-06:00,ModuleProcess:5:GeneralExecution-StepActive,1
2022-11-03T14:16:47.443-06:00,ModuleProcess:5:GeneralExecution-StepActive,2
2022-11-03T14:16:48.482-06:00,ModuleProcess:5:GeneralExecution-StepActive,3
2022-11-03T14:16:49.574-06:00,ModuleProcess:5:GeneralExecution-StepActive,4
2022-11-03T14:16:50.709-06:00,ModuleProcess:5:GeneralExecution-StepActive,5
2022-11-03T14:16:51.848-06:00,ModuleProcess:5:GeneralExecution-StepActive,6
2022-11-03T14:16:52.958-06:00,ModuleProcess:5:GeneralExecution-StepActive,7
2022-11-03T14:16:54.065-06:00,ModuleProcess:5:GeneralExecution-StepActive,8
2022-11-03T14:16:55.164-06:00,ModuleProcess:5:GeneralExecution-StepActive,9
2022-11-03T14:16:56.272-06:00,ModuleProcess:5:GeneralExecution-StepActive,10
2022-11-03T14:17:17.712-06:00,ModuleProcess:5:GeneralExecution-StepActive,1
2022-11-03T14:17:18.757-06:00,ModuleProcess:5:GeneralExecution-StepActive,2
2022-11-03T14:17:19.802-06:00,ModuleProcess:5:GeneralExecution-StepActive,3
2022-11-03T14:17:20.904-06:00,ModuleProcess:5:GeneralExecution-StepActive,4
2022-11-03T14:17:22.005-06:00,ModuleProcess:5:GeneralExecution-StepActive,5
2022-11-03T14:17:23.099-06:00,ModuleProcess:5:GeneralExecution-StepActive,6
2022-11-03T14:17:24.215-06:00,ModuleProcess:5:GeneralExecution-StepActive,7
2022-11-03T14:17:25.345-06:00,ModuleProcess:5:GeneralExecution-StepActive,8
2022-11-03T14:17:26.461-06:00,ModuleProcess:5:GeneralExecution-StepActive,9
2022-11-03T14:17:27.553-06:00,ModuleProcess:5:GeneralExecution-StepActive,10
2022-11-03T14:17:31.958-06:00,ModuleProcess:5:GeneralExecution-StepActive,1
2022-11-03T14:17:33.022-06:00,ModuleProcess:5:GeneralExecution-StepActive,2
2022-11-03T14:17:34.081-06:00,ModuleProcess:5:GeneralExecution-StepActive,3
2022-11-03T14:17:35.248-06:00,ModuleProcess:5:GeneralExecution-StepActive,4
